Categoria;Player;Plano;Preco mensal anunciado ou equivalente;Preco anual/equivalente;Limites principais;Features incluidas;Adicionais/custos relevantes;Qtd features consideradas;Custo implicito por feature;Fit para pequeno negocio;Leitura para o Tapronto;Fonte
Referencia de mercado;OlaClick;Advanced;R$ 73,30/mês ou R$ 64/mês no anual;R$ 768/ano;400 pedidos/mês;Cardapio digital para pedidos, dominio personalizado, sem anuncios, PDV multiplataforma, impressao automatica/app, suporte, gerenciamento de entregas, NF-e, envio em massa IA, pagamento online, CRM, analises;Complementos disponiveis;12;R$ 6,11 a R$ 5,33;Bom, mas ja sobe acima de R$ 70 no mensal;O Tapronto Essencial a R$ 49,90 fica mais barato, mas precisa comunicar que e enxuto e sem automacao pesada;https://olaclick.com/precos/
Referencia de mercado;OlaClick;Premium;R$ 188,00/mês ou R$ 160/mês no anual;R$ 1.920/ano;4.000 pedidos/mês;Tudo do Advanced, chatbot WhatsApp, fidelidade, fechamento de caixa, inventario automatizado, recuperador de vendas, cozinha, integracao apps delivery, chatbot de avaliacoes, movimentos de dinheiro, pixels marketing;Complementos disponiveis;11;R$ 17,09 a R$ 14,55;Forte para operacao media;O Tapronto Premium a R$ 149,90 compete bem se entregar WhatsApp automatico, fidelidade e suporte guiado;https://olaclick.com/precos/
Referencia de mercado;OlaClick;Elite;R$ 440,00/mês ou R$ 374/mês no anual;R$ 4.488/ano;Pedidos ilimitados;Tudo do Premium, pedidos ilimitados, movimentos de dinheiro, integracao POS;Complementos disponiveis;4;R$ 110,00 a R$ 93,50;Caro para pequeno negocio;Nao competir agora; usar como referencia de teto para futuro plano Enterprise;https://olaclick.com/precos/
Referencia de mercado;OlaClick;Infinity;R$ 1.092,00/mês ou R$ 928/mês no anual;R$ 11.136/ano;Pedidos ilimitados;Tudo do Elite, campanhas Google Ads/Meta, conteudo mensal para redes sociais;Complementos disponiveis;3;R$ 364,00 a R$ 309,33;Fora do publico inicial;Pode virar servico premium de marketing no futuro, nao core do MVP;https://olaclick.com/precos/
Referencia de mercado;Menu Digital;Mensal;12x R$ 89;Nao informado;Nao informado;Cardapio digital completo, painel de gestao, link e QR Code, banco de imagens, cadastro pela equipe MD, layout personalizado;Plano mensal parece excecao em configuracao feita pela equipe;6;R$ 14,83;Bom para quem quer cardapio pronto e nao quer configurar;Mostra que suporte/configuracao assistida pode ser cobrada como diferencial;https://www.menudigital.app.br/
Referencia de mercado;Menu Digital;Anual;12x R$ 139;Cobranca anual;Nao informado;Cardapio digital completo, cadastro pela equipe, layout personalizado, suporte online, banco de imagens, displays fisicos, traducoes;Pagamento em ate 12x;7;R$ 19,86;Mais premium, nao tao barato;Tapronto deve manter autoatendimento barato e vender implantacao assistida separado;https://www.menudigital.app.br/
Referencia de mercado;Menu Digital;Light;12x R$ 232 com promocao;Aquisicao + manutencao anual R$ 299;Nao informado;Tudo do Anual, PDF premium, suporte online, CriaPost, banco de imagens, displays fisicos, traducoes;Manutencao anual;7;R$ 33,14;Caro para entrada;Nao usar como concorrente direto do Essencial, mas sim de servicos assistidos;https://www.menudigital.app.br/
Referencia de mercado;Menu Digital;Prata;12x R$ 312 com promocao;Aquisicao + manutencao anual R$ 299;Nao informado;Tudo do Light, traducao para 12 idiomas, displays, carta de vinhos, suporte online, CriaPost;Manutencao anual;6;R$ 52,00;Caro e focado em cardapio premium;Nao prioridade para Tapronto agora;https://www.menudigital.app.br/
Referencia de mercado;Menu Digital;Ouro;12x R$ 392 com promocao;Aquisicao + manutencao anual R$ 599;Ate 5 cardapios completos segundo FAQ;Tudo do Prata, site institucional + dominio, entrega em 5 dias uteis, suporte premium, carta de vinhos, CriaPost, fidelidade, reservas, fila;Manutencao anual;8;R$ 49,00;Hotel/restaurante premium;Pode inspirar um pacote futuro de implantacao completa;https://www.menudigital.app.br/
Referencia de mercado;Abrahão Goomer;Gratis;R$ 0;R$ 0;Ate 30 pedidos/mês + R$ 1,39 por pedido excedido;Delivery sem marketplace, menu personalizavel, link compartilhavel, WhatsApp;Taxa por pedido excedido;4;R$ 0 + excedente;Muito bom para entrada, mas custo cresce se vender;Tapronto pode competir com trial gratis e Essencial fixo sem comissao;https://www.abrahao.com.br/blog/cardapio/quanto-custa-cardapio-digital
Referencia de mercado;Abrahão Goomer;Basico;R$ 59,94/mês no anual;Plano anual;Pedidos ilimitados no delivery;Personalizacao, link, opcionais, taxa de entrega automatica, cupons;QR Code por +R$ 70/mês;5;R$ 11,99;Bom para pequeno/micro;Tapronto Essencial R$ 49,90 precisa manter pedidos suficientes e QR/mesa basico para ganhar;https://www.abrahao.com.br/blog/cardapio/quanto-custa-cardapio-digital
Referencia de mercado;Abrahão Goomer;Automatizar;R$ 138,68/mês no anual;Plano anual;Nao informado;Tudo do Basico, atendente virtual WhatsApp, fidelidade, vendas sugestivas, impressoras/KDS, destaque de produtos, Google Analytics, e-mail marketing;QR Code pode ser adicional dependendo do pacote;8;R$ 17,34;Bom para operacao que quer automacao;Tapronto Premium R$ 149,90 fica na mesma faixa, mas precisa entregar automacao WhatsApp real e suporte;https://www.abrahao.com.br/blog/cardapio/quanto-custa-cardapio-digital
Referencia de mercado;Abrahão Goomer;Integrar;R$ 224,93/mês no anual;Plano anual;Nao informado;Tudo do Automatizar, integracao com PDVs, Entrega Sob Demanda iFood, suporte premium;QR Code por +R$ 99,90/mês;4;R$ 56,23;Mais avancado;Nao competir ate ter integracoes robustas;https://www.abrahao.com.br/blog/cardapio/quanto-custa-cardapio-digital
Referencia de mercado;Anota AI;Start;R$ 249,99;Nao informado;Nao informado;Cardapio digital, atendimento/pedidos, foco em WhatsApp e delivery;Taxas de pagamento online podem existir;3;R$ 83,33;Caro para entrada;Tapronto deve aparecer como alternativa muito mais acessivel para pequenos;https://saipos.com/cardapio-digital/anota-ai
Referencia de mercado;Anota AI;Advanced;R$ 299,99;Nao informado;Nao informado;Automacao, gerenciador de pedidos, cardapio, integracoes, gestao;Taxas de pagamento online podem existir;5;R$ 60,00;Caro para micro;Tapronto Premium abaixo de R$ 150 e um argumento forte;https://saipos.com/cardapio-digital/anota-ai
Referencia de mercado;Anota AI;Premium;R$ 389,99;Nao informado;Nao informado;Pacote mais completo com automacao, delivery, gestao, pagamentos online e recursos avancados;Taxas de pagamento online podem existir;6;R$ 65,00;Focado em operacoes maiores;Nao competir por feature total, competir por simplicidade/preco;https://saipos.com/cardapio-digital/anota-ai
Referencia de mercado;Cardapio.ai;PDV Basico;R$ 49,90/mês;R$ 598,80/ano;Pedidos e produtos ilimitados;Pedidos/produtos ilimitados, impressao automatica, relatorios, CRM, cashback/cupons, Pix estatico, pagamento online opcional;Algumas features aparecem bloqueadas no plano basico;8;R$ 6,24;Muito agressivo;Tapronto Essencial precisa justificar por UX, suporte, setup simples e sem comissao;https://cardapio.ai/
Referencia de mercado;Cardapio Web;Planos personalizados;A partir de R$ 139,90/mês segundo blog;Nao informado;Personalizado;Cardapio digital, chatbot WhatsApp, mesas/balcao, pagamento online, agendamento, disparo WhatsApp, fidelidade, cupons, CRM, relatórios, PDV, estoque, KDS, fiscal, mesas/comandas;Preco sob consulta no site principal;15;R$ 9,33 considerando base;Forte mas mais caro/consultivo;Tapronto deve ocupar a faixa simples e transparente;https://cardapioweb.com/
Referencia de mercado;Rei do Delivery;Gratis/Premium;R$ 0 a R$ 49,90 citado no blog;Nao informado;Gratis limitado;QR Code, pedido via WhatsApp, sem comissao no Premium, Pix direto na chave do lojista;Pode haver limitacoes no gratis;5;R$ 9,98 no premium;Concorrente direto de preco baixo;Tapronto precisa ser mais organizado que WhatsApp puro e melhor em painel/status;https://reidodelivery.com.br/blog/quanto-custa-cardapio-digital
Tapronto atual;Tapronto;Teste gratis;R$ 0;14 dias;10 produtos, 3 categorias, 30 pedidos/mês, 1 usuario;Cardapio digital, categorias/produtos limitados, pedidos, WhatsApp manual, suporte basico, onboarding;Sem WhatsApp automatico;6;R$ 0;Excelente entrada;Esta coerente com objetivo: testar sem custo e sem liberar custos caros;prisma/migrations/20260727170000_update_plan_whatsapp_and_prices/migration.sql
Tapronto atual;Tapronto;Essencial;R$ 49,90/mês;R$ 499/ano;25 produtos, 5 categorias, 150 pedidos/mês, 1 usuario;Cardapio digital, link publico, pedidos online, clientes, entrega por bairros basica, cupons basicos se liberado, WhatsApp manual, suporte;Sem WhatsApp automatico;8;R$ 6,24;Muito bom para micro e inicio;Vale o valor se a proposta for digna, simples e sem taxa por pedido;prisma/migrations/20260727170000_update_plan_whatsapp_and_prices/migration.sql
Tapronto atual;Tapronto;Profissional;R$ 89,90/mês;R$ 899/ano;100 produtos, categorias ilimitadas, pedidos ilimitados, 5 usuarios;Tudo do Essencial, mesas/QR Code, relatorios, cupons/campanhas, horarios, taxa por bairro, KDS/impressao se estavel, WhatsApp manual;WhatsApp automatico opcional R$ 49,90/mês;12;R$ 7,49;Bom custo-beneficio;Precisa ser o plano principal para restaurantes em crescimento;prisma/migrations/20260727170000_update_plan_whatsapp_and_prices/migration.sql
Tapronto atual;Tapronto;Premium;R$ 149,90/mês;R$ 1.499/ano;Produtos/categorias/pedidos ilimitados, ate 10 usuarios;Tudo do Profissional, WhatsApp automatico incluso, fidelidade, sugestoes no carrinho, peca novamente, dominio personalizado, suporte prioritario;Instancia WhatsApp custa R$ 29,90 para o negocio;13;R$ 11,53;Muito competitivo se WhatsApp automatico estiver 100%;Preco faz sentido porque ainda fica abaixo de varios players com automacao;prisma/migrations/20260727170000_update_plan_whatsapp_and_prices/migration.sql
Tapronto adicional;Tapronto;WhatsApp automatico;R$ 49,90/mês;R$ 598,80/ano;1 instancia por loja;Criacao/conexao via QR Code, envio automatico de pedidos/status, reconexao/desconexao;Custo provedor estimado R$ 29,90/mês;3;R$ 16,63;Bom como adicional no Profissional;Margem bruta aproximada R$ 20,00 antes de impostos/suporte;prisma/migrations/20260730110000_plan_addons/migration.sql
Tapronto servico;Tapronto;Configuracao Assistida Pix Online;R$ 79,90 uma vez;Pagamento unico;Servico assistido;Equipe orienta Abacate Pay, webhook e pagamento teste;Sem custo tecnico direto, mas consome suporte;3;R$ 26,63;Boa oferta para leigos;Aumenta ticket sem encarecer mensalidade;prisma/migrations/20260801113000_assisted_service_addons/migration.sql
Tapronto servico;Tapronto;Configuracao Assistida WhatsApp Automatico;R$ 99,90 uma vez;Pagamento unico;Servico assistido;Equipe ajuda QR Code e teste de envio automatico;Nao inclui mensalidade da instancia;3;R$ 33,30;Boa para clientes Premium/Profissional;Deve ser opcional, com CTA claro;prisma/migrations/20260801113000_assisted_service_addons/migration.sql
Tapronto servico;Tapronto;Configuracao Inicial da Loja;R$ 149,90 uma vez;Pagamento unico;Servico assistido;Loja, horarios, entrega, formas de pagamento e publicacao;Sem custo tecnico direto;5;R$ 29,98;Bom para aumentar ticket medio;Pode ser ofertado no cadastro/onboarding;prisma/migrations/20260801113000_assisted_service_addons/migration.sql
Tapronto servico;Tapronto;Cadastro Assistido do Cardapio;R$ 199,90 uma vez;Pagamento unico;Servico assistido;Categorias, produtos, precos, fotos e adicionais iniciais;Consome bastante tempo de suporte;5;R$ 39,98;Bom se houver limite claro de itens;Criar politica: ate X produtos, extra por lote;prisma/migrations/20260801113000_assisted_service_addons/migration.sql
Tapronto servico;Tapronto;Treinamento Rapido da Equipe;R$ 79,90 uma vez;Pagamento unico;Servico assistido;Pedidos, cardapio, operacao, suporte e boas praticas;Sem custo tecnico direto;5;R$ 15,98;Bom para leigos;Pode reduzir churn e chamados;prisma/migrations/20260801113000_assisted_service_addons/migration.sql
Tapronto servico;Tapronto;Implantacao Completa Tapronto;R$ 399,90 uma vez;Pagamento unico;Servico assistido;Loja, cardapio inicial, Pix online, WhatsApp automatico e treinamento;Nao inclui custos mensais;5;R$ 79,98;Bom pacote premium;Usar para clientes que querem tudo pronto sem mexer em nada;prisma/migrations/20260801113000_assisted_service_addons/migration.sql
